CREATE TABLE IF NOT EXISTS "accounts_customuser" ("id" integer NOT NULL PRIMARY KEY AUTOINCREMENT, "password" varchar(128) NOT NULL, "last_login" datetime NULL, "is_superuser" bool NOT NULL, "username" varchar(150) NOT NULL UNIQUE, "first_name" varchar(150) NOT NULL, "last_name" varchar(150) NOT NULL, "email" varchar(254) NOT NULL, "is_staff" bool NOT NULL, "is_active" bool NOT NULL, "date_joined" datetime NOT NULL, "bio" text NOT NULL, "profile_picture" varchar(255) NOT NULL, "fullname" varchar(255) NOT NULL, "gender" varchar(6) NOT NULL);
INSERT INTO "accounts_customuser" VALUES(1,'pbkdf2_sha256$600000$vPqQqvQXvlGNJDmDgJmeyY$jJbdq1GQaUvuLUogDDqSXwo8rgbf2QrfmFiWt9b3Alg=','2025-04-28 18:07:33.813037',1,'noahidewisdom','','','noahide@admin.com',1,1,'2025-04-07 20:41:20.572799','','https://res.cloudinary.com/df6ndrlj2/image/upload/v1739969127/default_sklyca.png','','');
INSERT INTO "accounts_customuser" VALUES(2,'pbkdf2_sha256$870000$74BtygTLZVVVVEPhh9QzOC$i/FC91u10SI+FzbK7Q7SvPcEVHq65BEcJYKNJijjs9Q=','2025-04-11 06:43:54.378791',1,'makua','','','chukwuebuka.omenife@miva.edu.ng',1,1,'2025-04-11 06:42:26','Me','image/upload/v1744353860/blog_profile_images/whoezkieukwuu0jymh90.jpg','cheche omenife','male');
INSERT INTO "accounts_customuser" VALUES(3,'pbkdf2_sha256$870000$B19ecd2P7GnxgTIaz9ZYbE$J9CDCErwYxLLnK9N1yttsZwCz0X5DlLkfA1i3GcfjcI=',NULL,0,'maxwell','','','megavak@gmail.com',0,1,'2025-04-16 05:02:33.935316','','https://res.cloudinary.com/df6ndrlj2/image/upload/v1739969127/default_sklyca.png','Noahide Wisdom','male');
CREATE UNIQUE INDEX "django_content_type_app_label_model_76bd3d3b_uniq" ON "django_content_type" ("app_label", "model");
CREATE UNIQUE INDEX "auth_group_permissions_group_id_permission_id_0cd325b0_uniq" ON "auth_group_permissions" ("group_id", "permission_id");
CREATE INDEX IF NOT EXISTS "auth_group_permissions_group_id_b120cbf9" ON "auth_group_permissions" ("group_id");
CREATE INDEX IF NOT EXISTS "auth_group_permissions_permission_id_84c5c92e" ON "auth_group_permissions" ("permission_id");
CREATE UNIQUE INDEX "auth_permission_content_type_id_codename_01ab375a_uniq" ON "auth_permission" ("content_type_id", "codename");
CREATE INDEX IF NOT EXISTS "auth_permission_content_type_id_2f476e4b" ON "auth_permission" ("content_type_id");
CREATE UNIQUE INDEX "accounts_customuser_groups_customuser_id_group_id_c074bdcb_uniq" ON "accounts_customuser_groups" ("customuser_id", "group_id");
CREATE INDEX IF NOT EXISTS "accounts_customuser_groups_customuser_id_bc55088e" ON "accounts_customuser_groups" ("customuser_id");
CREATE INDEX IF NOT EXISTS "accounts_customuser_groups_group_id_86ba5f9e" ON "accounts_customuser_groups" ("group_id");
CREATE UNIQUE INDEX "accounts_customuser_user_permissions_customuser_id_permission_id_9632a709_uniq" ON "accounts_customuser_user_permissions" ("customuser_id", "permission_id");
CREATE INDEX IF NOT EXISTS "accounts_customuser_user_permissions_customuser_id_0deaefae" ON "accounts_customuser_user_permissions" ("customuser_id");
CREATE INDEX IF NOT EXISTS "accounts_customuser_user_permissions_permission_id_aea3d0e5" ON "accounts_customuser_user_permissions" ("permission_id");
CREATE INDEX IF NOT EXISTS "django_admin_log_content_type_id_c4bce8eb" ON "django_admin_log" ("content_type_id");
CREATE INDEX IF NOT EXISTS "django_admin_log_user_id_c564eba6" ON "django_admin_log" ("user_id");
CREATE INDEX IF NOT EXISTS "django_session_expire_date_a5c62663" ON "django_session" ("expire_date");
CREATE UNIQUE INDEX "blog_tag_posts_tag_id_post_id_3e2e54c9_uniq" ON "blog_tag_posts" ("tag_id", "post_id");
CREATE INDEX IF NOT EXISTS "blog_tag_posts_tag_id_5f489887" ON "blog_tag_posts" ("tag_id");
CREATE INDEX IF NOT EXISTS "blog_tag_posts_post_id_99049a47" ON "blog_tag_posts" ("post_id");
CREATE UNIQUE INDEX "blog_post_tags_post_id_tag_id_4925ec37_uniq" ON "blog_post_tags" ("post_id", "tag_id");
CREATE INDEX IF NOT EXISTS "blog_post_tags_post_id_a1c71c8a" ON "blog_post_tags" ("post_id");
CREATE INDEX IF NOT EXISTS "blog_post_tags_tag_id_0875c551" ON "blog_post_tags" ("tag_id");
CREATE INDEX IF NOT EXISTS "blog_post_author_id_dd7a8485" ON "blog_post" ("author_id");
CREATE UNIQUE INDEX "blog_post_likes_post_id_customuser_id_c8acd0f9_uniq" ON "blog_post_likes" ("post_id", "customuser_id");
CREATE INDEX IF NOT EXISTS "blog_post_likes_post_id_d038881a" ON "blog_post_likes" ("post_id");
CREATE INDEX IF NOT EXISTS "blog_post_likes_customuser_id_fd37be63" ON "blog_post_likes" ("customuser_id");
CREATE INDEX IF NOT EXISTS "blog_comment_post_id_580e96ef" ON "blog_comment" ("post_id");
CREATE TABLE IF NOT EXISTS "accounts_customuser_groups" ("id" integer NOT NULL PRIMARY KEY AUTOINCREMENT, "customuser_id" bigint NOT NULL REFERENCES "accounts_customuser" ("id") DEFERRABLE INITIALLY DEFERRED, "group_id" integer NOT NULL REFERENCES "auth_group" ("id") DEFERRABLE INITIALLY DEFERRED);
CREATE UNIQUE INDEX "django_content_type_app_label_model_76bd3d3b_uniq" ON "django_content_type" ("app_label", "model");
CREATE UNIQUE INDEX "auth_group_permissions_group_id_permission_id_0cd325b0_uniq" ON "auth_group_permissions" ("group_id", "permission_id");
CREATE INDEX IF NOT EXISTS "auth_group_permissions_group_id_b120cbf9" ON "auth_group_permissions" ("group_id");
CREATE INDEX IF NOT EXISTS "auth_group_permissions_permission_id_84c5c92e" ON "auth_group_permissions" ("permission_id");
CREATE UNIQUE INDEX "auth_permission_content_type_id_codename_01ab375a_uniq" ON "auth_permission" ("content_type_id", "codename");
CREATE INDEX IF NOT EXISTS "auth_permission_content_type_id_2f476e4b" ON "auth_permission" ("content_type_id");
CREATE UNIQUE INDEX "accounts_customuser_groups_customuser_id_group_id_c074bdcb_uniq" ON "accounts_customuser_groups" ("customuser_id", "group_id");
CREATE INDEX IF NOT EXISTS "accounts_customuser_groups_customuser_id_bc55088e" ON "accounts_customuser_groups" ("customuser_id");
CREATE INDEX IF NOT EXISTS "accounts_customuser_groups_group_id_86ba5f9e" ON "accounts_customuser_groups" ("group_id");
CREATE UNIQUE INDEX "accounts_customuser_user_permissions_customuser_id_permission_id_9632a709_uniq" ON "accounts_customuser_user_permissions" ("customuser_id", "permission_id");
CREATE INDEX IF NOT EXISTS "accounts_customuser_user_permissions_customuser_id_0deaefae" ON "accounts_customuser_user_permissions" ("customuser_id");
CREATE INDEX IF NOT EXISTS "accounts_customuser_user_permissions_permission_id_aea3d0e5" ON "accounts_customuser_user_permissions" ("permission_id");
CREATE INDEX IF NOT EXISTS "django_admin_log_content_type_id_c4bce8eb" ON "django_admin_log" ("content_type_id");
CREATE INDEX IF NOT EXISTS "django_admin_log_user_id_c564eba6" ON "django_admin_log" ("user_id");
CREATE INDEX IF NOT EXISTS "django_session_expire_date_a5c62663" ON "django_session" ("expire_date");
CREATE UNIQUE INDEX "blog_tag_posts_tag_id_post_id_3e2e54c9_uniq" ON "blog_tag_posts" ("tag_id", "post_id");
CREATE INDEX IF NOT EXISTS "blog_tag_posts_tag_id_5f489887" ON "blog_tag_posts" ("tag_id");
CREATE INDEX IF NOT EXISTS "blog_tag_posts_post_id_99049a47" ON "blog_tag_posts" ("post_id");
CREATE UNIQUE INDEX "blog_post_tags_post_id_tag_id_4925ec37_uniq" ON "blog_post_tags" ("post_id", "tag_id");
CREATE INDEX IF NOT EXISTS "blog_post_tags_post_id_a1c71c8a" ON "blog_post_tags" ("post_id");
CREATE INDEX IF NOT EXISTS "blog_post_tags_tag_id_0875c551" ON "blog_post_tags" ("tag_id");
CREATE INDEX IF NOT EXISTS "blog_post_author_id_dd7a8485" ON "blog_post" ("author_id");
CREATE UNIQUE INDEX "blog_post_likes_post_id_customuser_id_c8acd0f9_uniq" ON "blog_post_likes" ("post_id", "customuser_id");
CREATE INDEX IF NOT EXISTS "blog_post_likes_post_id_d038881a" ON "blog_post_likes" ("post_id");
CREATE INDEX IF NOT EXISTS "blog_post_likes_customuser_id_fd37be63" ON "blog_post_likes" ("customuser_id");
CREATE INDEX IF NOT EXISTS "blog_comment_post_id_580e96ef" ON "blog_comment" ("post_id");
CREATE TABLE IF NOT EXISTS "accounts_customuser_user_permissions" ("id" integer NOT NULL PRIMARY KEY AUTOINCREMENT, "customuser_id" bigint NOT NULL REFERENCES "accounts_customuser" ("id") DEFERRABLE INITIALLY DEFERRED, "permission_id" integer NOT NULL REFERENCES "auth_permission" ("id") DEFERRABLE INITIALLY DEFERRED);
CREATE UNIQUE INDEX "django_content_type_app_label_model_76bd3d3b_uniq" ON "django_content_type" ("app_label", "model");
CREATE UNIQUE INDEX "auth_group_permissions_group_id_permission_id_0cd325b0_uniq" ON "auth_group_permissions" ("group_id", "permission_id");
CREATE INDEX IF NOT EXISTS "auth_group_permissions_group_id_b120cbf9" ON "auth_group_permissions" ("group_id");
CREATE INDEX IF NOT EXISTS "auth_group_permissions_permission_id_84c5c92e" ON "auth_group_permissions" ("permission_id");
CREATE UNIQUE INDEX "auth_permission_content_type_id_codename_01ab375a_uniq" ON "auth_permission" ("content_type_id", "codename");
CREATE INDEX IF NOT EXISTS "auth_permission_content_type_id_2f476e4b" ON "auth_permission" ("content_type_id");
CREATE UNIQUE INDEX "accounts_customuser_groups_customuser_id_group_id_c074bdcb_uniq" ON "accounts_customuser_groups" ("customuser_id", "group_id");
CREATE INDEX IF NOT EXISTS "accounts_customuser_groups_customuser_id_bc55088e" ON "accounts_customuser_groups" ("customuser_id");
CREATE INDEX IF NOT EXISTS "accounts_customuser_groups_group_id_86ba5f9e" ON "accounts_customuser_groups" ("group_id");
CREATE UNIQUE INDEX "accounts_customuser_user_permissions_customuser_id_permission_id_9632a709_uniq" ON "accounts_customuser_user_permissions" ("customuser_id", "permission_id");
CREATE INDEX IF NOT EXISTS "accounts_customuser_user_permissions_customuser_id_0deaefae" ON "accounts_customuser_user_permissions" ("customuser_id");
CREATE INDEX IF NOT EXISTS "accounts_customuser_user_permissions_permission_id_aea3d0e5" ON "accounts_customuser_user_permissions" ("permission_id");
CREATE INDEX IF NOT EXISTS "django_admin_log_content_type_id_c4bce8eb" ON "django_admin_log" ("content_type_id");
CREATE INDEX IF NOT EXISTS "django_admin_log_user_id_c564eba6" ON "django_admin_log" ("user_id");
CREATE INDEX IF NOT EXISTS "django_session_expire_date_a5c62663" ON "django_session" ("expire_date");
CREATE UNIQUE INDEX "blog_tag_posts_tag_id_post_id_3e2e54c9_uniq" ON "blog_tag_posts" ("tag_id", "post_id");
CREATE INDEX IF NOT EXISTS "blog_tag_posts_tag_id_5f489887" ON "blog_tag_posts" ("tag_id");
CREATE INDEX IF NOT EXISTS "blog_tag_posts_post_id_99049a47" ON "blog_tag_posts" ("post_id");
CREATE UNIQUE INDEX "blog_post_tags_post_id_tag_id_4925ec37_uniq" ON "blog_post_tags" ("post_id", "tag_id");
CREATE INDEX IF NOT EXISTS "blog_post_tags_post_id_a1c71c8a" ON "blog_post_tags" ("post_id");
CREATE INDEX IF NOT EXISTS "blog_post_tags_tag_id_0875c551" ON "blog_post_tags" ("tag_id");
CREATE INDEX IF NOT EXISTS "blog_post_author_id_dd7a8485" ON "blog_post" ("author_id");
CREATE UNIQUE INDEX "blog_post_likes_post_id_customuser_id_c8acd0f9_uniq" ON "blog_post_likes" ("post_id", "customuser_id");
CREATE INDEX IF NOT EXISTS "blog_post_likes_post_id_d038881a" ON "blog_post_likes" ("post_id");
CREATE INDEX IF NOT EXISTS "blog_post_likes_customuser_id_fd37be63" ON "blog_post_likes" ("customuser_id");
CREATE INDEX IF NOT EXISTS "blog_comment_post_id_580e96ef" ON "blog_comment" ("post_id");
CREATE TABLE IF NOT EXISTS "auth_group" ("id" integer NOT NULL PRIMARY KEY AUTOINCREMENT, "name" varchar(150) NOT NULL UNIQUE);
CREATE UNIQUE INDEX "django_content_type_app_label_model_76bd3d3b_uniq" ON "django_content_type" ("app_label", "model");
CREATE UNIQUE INDEX "auth_group_permissions_group_id_permission_id_0cd325b0_uniq" ON "auth_group_permissions" ("group_id", "permission_id");
CREATE INDEX IF NOT EXISTS "auth_group_permissions_group_id_b120cbf9" ON "auth_group_permissions" ("group_id");
CREATE INDEX IF NOT EXISTS "auth_group_permissions_permission_id_84c5c92e" ON "auth_group_permissions" ("permission_id");
CREATE UNIQUE INDEX "auth_permission_content_type_id_codename_01ab375a_uniq" ON "auth_permission" ("content_type_id", "codename");
CREATE INDEX IF NOT EXISTS "auth_permission_content_type_id_2f476e4b" ON "auth_permission" ("content_type_id");
CREATE UNIQUE INDEX "accounts_customuser_groups_customuser_id_group_id_c074bdcb_uniq" ON "accounts_customuser_groups" ("customuser_id", "group_id");
CREATE INDEX IF NOT EXISTS "accounts_customuser_groups_customuser_id_bc55088e" ON "accounts_customuser_groups" ("customuser_id");
CREATE INDEX IF NOT EXISTS "accounts_customuser_groups_group_id_86ba5f9e" ON "accounts_customuser_groups" ("group_id");
CREATE UNIQUE INDEX "accounts_customuser_user_permissions_customuser_id_permission_id_9632a709_uniq" ON "accounts_customuser_user_permissions" ("customuser_id", "permission_id");
CREATE INDEX IF NOT EXISTS "accounts_customuser_user_permissions_customuser_id_0deaefae" ON "accounts_customuser_user_permissions" ("customuser_id");
CREATE INDEX IF NOT EXISTS "accounts_customuser_user_permissions_permission_id_aea3d0e5" ON "accounts_customuser_user_permissions" ("permission_id");
CREATE INDEX IF NOT EXISTS "django_admin_log_content_type_id_c4bce8eb" ON "django_admin_log" ("content_type_id");
CREATE INDEX IF NOT EXISTS "django_admin_log_user_id_c564eba6" ON "django_admin_log" ("user_id");
CREATE INDEX IF NOT EXISTS "django_session_expire_date_a5c62663" ON "django_session" ("expire_date");
CREATE UNIQUE INDEX "blog_tag_posts_tag_id_post_id_3e2e54c9_uniq" ON "blog_tag_posts" ("tag_id", "post_id");
CREATE INDEX IF NOT EXISTS "blog_tag_posts_tag_id_5f489887" ON "blog_tag_posts" ("tag_id");
CREATE INDEX IF NOT EXISTS "blog_tag_posts_post_id_99049a47" ON "blog_tag_posts" ("post_id");
CREATE UNIQUE INDEX "blog_post_tags_post_id_tag_id_4925ec37_uniq" ON "blog_post_tags" ("post_id", "tag_id");
CREATE INDEX IF NOT EXISTS "blog_post_tags_post_id_a1c71c8a" ON "blog_post_tags" ("post_id");
CREATE INDEX IF NOT EXISTS "blog_post_tags_tag_id_0875c551" ON "blog_post_tags" ("tag_id");
CREATE INDEX IF NOT EXISTS "blog_post_author_id_dd7a8485" ON "blog_post" ("author_id");
CREATE UNIQUE INDEX "blog_post_likes_post_id_customuser_id_c8acd0f9_uniq" ON "blog_post_likes" ("post_id", "customuser_id");
CREATE INDEX IF NOT EXISTS "blog_post_likes_post_id_d038881a" ON "blog_post_likes" ("post_id");
CREATE INDEX IF NOT EXISTS "blog_post_likes_customuser_id_fd37be63" ON "blog_post_likes" ("customuser_id");
CREATE INDEX IF NOT EXISTS "blog_comment_post_id_580e96ef" ON "blog_comment" ("post_id");
CREATE TABLE IF NOT EXISTS "auth_group_permissions" ("id" integer NOT NULL PRIMARY KEY AUTOINCREMENT, "group_id" integer NOT NULL REFERENCES "auth_group" ("id") DEFERRABLE INITIALLY DEFERRED, "permission_id" integer NOT NULL REFERENCES "auth_permission" ("id") DEFERRABLE INITIALLY DEFERRED);
CREATE UNIQUE INDEX "django_content_type_app_label_model_76bd3d3b_uniq" ON "django_content_type" ("app_label", "model");
CREATE UNIQUE INDEX "auth_group_permissions_group_id_permission_id_0cd325b0_uniq" ON "auth_group_permissions" ("group_id", "permission_id");
CREATE INDEX IF NOT EXISTS "auth_group_permissions_group_id_b120cbf9" ON "auth_group_permissions" ("group_id");
CREATE INDEX IF NOT EXISTS "auth_group_permissions_permission_id_84c5c92e" ON "auth_group_permissions" ("permission_id");
CREATE UNIQUE INDEX "auth_permission_content_type_id_codename_01ab375a_uniq" ON "auth_permission" ("content_type_id", "codename");
CREATE INDEX IF NOT EXISTS "auth_permission_content_type_id_2f476e4b" ON "auth_permission" ("content_type_id");
CREATE UNIQUE INDEX "accounts_customuser_groups_customuser_id_group_id_c074bdcb_uniq" ON "accounts_customuser_groups" ("customuser_id", "group_id");
CREATE INDEX IF NOT EXISTS "accounts_customuser_groups_customuser_id_bc55088e" ON "accounts_customuser_groups" ("customuser_id");
CREATE INDEX IF NOT EXISTS "accounts_customuser_groups_group_id_86ba5f9e" ON "accounts_customuser_groups" ("group_id");
CREATE UNIQUE INDEX "accounts_customuser_user_permissions_customuser_id_permission_id_9632a709_uniq" ON "accounts_customuser_user_permissions" ("customuser_id", "permission_id");
CREATE INDEX IF NOT EXISTS "accounts_customuser_user_permissions_customuser_id_0deaefae" ON "accounts_customuser_user_permissions" ("customuser_id");
CREATE INDEX IF NOT EXISTS "accounts_customuser_user_permissions_permission_id_aea3d0e5" ON "accounts_customuser_user_permissions" ("permission_id");
CREATE INDEX IF NOT EXISTS "django_admin_log_content_type_id_c4bce8eb" ON "django_admin_log" ("content_type_id");
CREATE INDEX IF NOT EXISTS "django_admin_log_user_id_c564eba6" ON "django_admin_log" ("user_id");
CREATE INDEX IF NOT EXISTS "django_session_expire_date_a5c62663" ON "django_session" ("expire_date");
CREATE UNIQUE INDEX "blog_tag_posts_tag_id_post_id_3e2e54c9_uniq" ON "blog_tag_posts" ("tag_id", "post_id");
CREATE INDEX IF NOT EXISTS "blog_tag_posts_tag_id_5f489887" ON "blog_tag_posts" ("tag_id");
CREATE INDEX IF NOT EXISTS "blog_tag_posts_post_id_99049a47" ON "blog_tag_posts" ("post_id");
CREATE UNIQUE INDEX "blog_post_tags_post_id_tag_id_4925ec37_uniq" ON "blog_post_tags" ("post_id", "tag_id");
CREATE INDEX IF NOT EXISTS "blog_post_tags_post_id_a1c71c8a" ON "blog_post_tags" ("post_id");
CREATE INDEX IF NOT EXISTS "blog_post_tags_tag_id_0875c551" ON "blog_post_tags" ("tag_id");
CREATE INDEX IF NOT EXISTS "blog_post_author_id_dd7a8485" ON "blog_post" ("author_id");
CREATE UNIQUE INDEX "blog_post_likes_post_id_customuser_id_c8acd0f9_uniq" ON "blog_post_likes" ("post_id", "customuser_id");
CREATE INDEX IF NOT EXISTS "blog_post_likes_post_id_d038881a" ON "blog_post_likes" ("post_id");
CREATE INDEX IF NOT EXISTS "blog_post_likes_customuser_id_fd37be63" ON "blog_post_likes" ("customuser_id");
CREATE INDEX IF NOT EXISTS "blog_comment_post_id_580e96ef" ON "blog_comment" ("post_id");
CREATE TABLE IF NOT EXISTS "auth_permission" ("id" integer NOT NULL PRIMARY KEY AUTOINCREMENT, "content_type_id" integer NOT NULL REFERENCES "django_content_type" ("id") DEFERRABLE INITIALLY DEFERRED, "codename" varchar(100) NOT NULL, "name" varchar(255) NOT NULL);
INSERT INTO "auth_permission" VALUES(1,1,'add_logentry','Can add log entry');
INSERT INTO "auth_permission" VALUES(2,1,'change_logentry','Can change log entry');
INSERT INTO "auth_permission" VALUES(3,1,'delete_logentry','Can delete log entry');
INSERT INTO "auth_permission" VALUES(4,1,'view_logentry','Can view log entry');
INSERT INTO "auth_permission" VALUES(5,2,'add_permission','Can add permission');
INSERT INTO "auth_permission" VALUES(6,2,'change_permission','Can change permission');
INSERT INTO "auth_permission" VALUES(7,2,'delete_permission','Can delete permission');
INSERT INTO "auth_permission" VALUES(8,2,'view_permission','Can view permission');
INSERT INTO "auth_permission" VALUES(9,3,'add_group','Can add group');
INSERT INTO "auth_permission" VALUES(10,3,'change_group','Can change group');
INSERT INTO "auth_permission" VALUES(11,3,'delete_group','Can delete group');
INSERT INTO "auth_permission" VALUES(12,3,'view_group','Can view group');
INSERT INTO "auth_permission" VALUES(13,4,'add_contenttype','Can add content type');
INSERT INTO "auth_permission" VALUES(14,4,'change_contenttype','Can change content type');
INSERT INTO "auth_permission" VALUES(15,4,'delete_contenttype','Can delete content type');
INSERT INTO "auth_permission" VALUES(16,4,'view_contenttype','Can view content type');
INSERT INTO "auth_permission" VALUES(17,5,'add_session','Can add session');
INSERT INTO "auth_permission" VALUES(18,5,'change_session','Can change session');
INSERT INTO "auth_permission" VALUES(19,5,'delete_session','Can delete session');
INSERT INTO "auth_permission" VALUES(20,5,'view_session','Can view session');
INSERT INTO "auth_permission" VALUES(21,6,'add_customuser','Can add user');
INSERT INTO "auth_permission" VALUES(22,6,'change_customuser','Can change user');
INSERT INTO "auth_permission" VALUES(23,6,'delete_customuser','Can delete user');
INSERT INTO "auth_permission" VALUES(24,6,'view_customuser','Can view user');
INSERT INTO "auth_permission" VALUES(25,7,'add_comment','Can add comment');
INSERT INTO "auth_permission" VALUES(26,7,'change_comment','Can change comment');
INSERT INTO "auth_permission" VALUES(27,7,'delete_comment','Can delete comment');
INSERT INTO "auth_permission" VALUES(28,7,'view_comment','Can view comment');
INSERT INTO "auth_permission" VALUES(29,8,'add_post','Can add Blog Post');
INSERT INTO "auth_permission" VALUES(30,8,'change_post','Can change Blog Post');
INSERT INTO "auth_permission" VALUES(31,8,'delete_post','Can delete Blog Post');
INSERT INTO "auth_permission" VALUES(32,8,'view_post','Can view Blog Post');
INSERT INTO "auth_permission" VALUES(33,9,'add_tag','Can add tag');
INSERT INTO "auth_permission" VALUES(34,9,'change_tag','Can change tag');
INSERT INTO "auth_permission" VALUES(35,9,'delete_tag','Can delete tag');
INSERT INTO "auth_permission" VALUES(36,9,'view_tag','Can view tag');
INSERT INTO "auth_permission" VALUES(37,10,'add_subscriber','Can add Subscriber');
INSERT INTO "auth_permission" VALUES(38,10,'change_subscriber','Can change Subscriber');
INSERT INTO "auth_permission" VALUES(39,10,'delete_subscriber','Can delete Subscriber');
INSERT INTO "auth_permission" VALUES(40,10,'view_subscriber','Can view Subscriber');
CREATE UNIQUE INDEX "django_content_type_app_label_model_76bd3d3b_uniq" ON "django_content_type" ("app_label", "model");
CREATE UNIQUE INDEX "auth_group_permissions_group_id_permission_id_0cd325b0_uniq" ON "auth_group_permissions" ("group_id", "permission_id");
CREATE INDEX IF NOT EXISTS "auth_group_permissions_group_id_b120cbf9" ON "auth_group_permissions" ("group_id");
CREATE INDEX IF NOT EXISTS "auth_group_permissions_permission_id_84c5c92e" ON "auth_group_permissions" ("permission_id");
CREATE UNIQUE INDEX "auth_permission_content_type_id_codename_01ab375a_uniq" ON "auth_permission" ("content_type_id", "codename");
CREATE INDEX IF NOT EXISTS "auth_permission_content_type_id_2f476e4b" ON "auth_permission" ("content_type_id");
CREATE UNIQUE INDEX "accounts_customuser_groups_customuser_id_group_id_c074bdcb_uniq" ON "accounts_customuser_groups" ("customuser_id", "group_id");
CREATE INDEX IF NOT EXISTS "accounts_customuser_groups_customuser_id_bc55088e" ON "accounts_customuser_groups" ("customuser_id");
CREATE INDEX IF NOT EXISTS "accounts_customuser_groups_group_id_86ba5f9e" ON "accounts_customuser_groups" ("group_id");
CREATE UNIQUE INDEX "accounts_customuser_user_permissions_customuser_id_permission_id_9632a709_uniq" ON "accounts_customuser_user_permissions" ("customuser_id", "permission_id");
CREATE INDEX IF NOT EXISTS "accounts_customuser_user_permissions_customuser_id_0deaefae" ON "accounts_customuser_user_permissions" ("customuser_id");
CREATE INDEX IF NOT EXISTS "accounts_customuser_user_permissions_permission_id_aea3d0e5" ON "accounts_customuser_user_permissions" ("permission_id");
CREATE INDEX IF NOT EXISTS "django_admin_log_content_type_id_c4bce8eb" ON "django_admin_log" ("content_type_id");
CREATE INDEX IF NOT EXISTS "django_admin_log_user_id_c564eba6" ON "django_admin_log" ("user_id");
CREATE INDEX IF NOT EXISTS "django_session_expire_date_a5c62663" ON "django_session" ("expire_date");
CREATE UNIQUE INDEX "blog_tag_posts_tag_id_post_id_3e2e54c9_uniq" ON "blog_tag_posts" ("tag_id", "post_id");
CREATE INDEX IF NOT EXISTS "blog_tag_posts_tag_id_5f489887" ON "blog_tag_posts" ("tag_id");
CREATE INDEX IF NOT EXISTS "blog_tag_posts_post_id_99049a47" ON "blog_tag_posts" ("post_id");
CREATE UNIQUE INDEX "blog_post_tags_post_id_tag_id_4925ec37_uniq" ON "blog_post_tags" ("post_id", "tag_id");
CREATE INDEX IF NOT EXISTS "blog_post_tags_post_id_a1c71c8a" ON "blog_post_tags" ("post_id");
CREATE INDEX IF NOT EXISTS "blog_post_tags_tag_id_0875c551" ON "blog_post_tags" ("tag_id");
CREATE INDEX IF NOT EXISTS "blog_post_author_id_dd7a8485" ON "blog_post" ("author_id");
CREATE UNIQUE INDEX "blog_post_likes_post_id_customuser_id_c8acd0f9_uniq" ON "blog_post_likes" ("post_id", "customuser_id");
CREATE INDEX IF NOT EXISTS "blog_post_likes_post_id_d038881a" ON "blog_post_likes" ("post_id");
CREATE INDEX IF NOT EXISTS "blog_post_likes_customuser_id_fd37be63" ON "blog_post_likes" ("customuser_id");
CREATE INDEX IF NOT EXISTS "blog_comment_post_id_580e96ef" ON "blog_comment" ("post_id");
CREATE TABLE IF NOT EXISTS "blog_comment" ("id" integer NOT NULL PRIMARY KEY AUTOINCREMENT, "name" varchar(100) NOT NULL, "created_at" datetime NOT NULL, "post_id" bigint NOT NULL REFERENCES "blog_post" ("id") DEFERRABLE INITIALLY DEFERRED, "content" text NOT NULL);
INSERT INTO "blog_comment" VALUES(1,'Chukwuebuka Omenife','2025-04-18 15:23:40.590644',5,'Nice');
INSERT INTO "blog_comment" VALUES(2,'Kate Mary','2025-04-18 15:29:10.584932',5,'h');
INSERT INTO "blog_comment" VALUES(3,'Kate Mary','2025-04-18 15:36:50.290007',6,'Good');
INSERT INTO "blog_comment" VALUES(4,'Chukwuebuka Chekwubechukwu Omenife','2025-04-18 15:42:12.568462',5,'fhhg');
INSERT INTO "blog_comment" VALUES(5,'Chukwuebuka Omenife','2025-04-18 15:51:44.456082',6,'fghh');
INSERT INTO "blog_comment" VALUES(6,'Dumboy','2025-04-18 16:05:30.724629',6,'Wow');
INSERT INTO "blog_comment" VALUES(7,'Dumboy','2025-04-18 16:20:14.221272',6,'ghj');
INSERT INTO "blog_comment" VALUES(8,'Chukwuebuka Omenife','2025-04-18 16:21:03.799534',3,'bbb');
INSERT INTO "blog_comment" VALUES(9,'Kate Mary','2025-04-18 16:22:45.516843',3,'ffdgh');
INSERT INTO "blog_comment" VALUES(10,'Chukwuebuka Omenife','2025-04-18 16:27:28.449824',3,'sdfgh');
INSERT INTO "blog_comment" VALUES(11,'Kate Mary','2025-04-18 16:28:48.402474',3,'dfghj');
INSERT INTO "blog_comment" VALUES(12,'Chukwuebuka Omenife','2025-04-18 16:35:12.222125',2,'erty');
INSERT INTO "blog_comment" VALUES(13,'Kate Mary','2025-04-23 13:54:55.279882',6,'erthyu');
INSERT INTO "blog_comment" VALUES(14,'Mark Dan','2025-04-23 18:52:54.538093',6,'sdfgh');
INSERT INTO "blog_comment" VALUES(15,'Kate Mary','2025-04-23 18:56:50.746463',4,'dfg');
INSERT INTO "blog_comment" VALUES(16,'Kate Mary','2025-04-23 18:57:24.164738',4,'sdf');
INSERT INTO "blog_comment" VALUES(17,'Kate Mary','2025-04-23 18:58:15.784060',4,'fg');
INSERT INTO "blog_comment" VALUES(18,'Kate Mary','2025-04-23 19:00:10.254647',4,'fghyju');
INSERT INTO "blog_comment" VALUES(19,'Kate Mary','2025-04-23 19:00:21.642787',4,'hfgj');
INSERT INTO "blog_comment" VALUES(20,'Kate Mary','2025-04-23 19:04:54.749238',4,'nm,');
INSERT INTO "blog_comment" VALUES(21,'Kate Mary','2025-04-23 19:07:17.410971',4,'efrg');
INSERT INTO "blog_comment" VALUES(22,'Kate Mary','2025-04-23 19:23:32.944779',6,'ffrffr');
INSERT INTO "blog_comment" VALUES(23,'Chukwuebuka Omenife','2025-04-28 18:53:08.006950',6,'fuck you');
INSERT INTO "blog_comment" VALUES(24,'','2025-04-28 18:54:37.831792',6,'rubbish');
INSERT INTO "blog_comment" VALUES(25,'Chukwuebuka Omenife','2025-04-28 18:55:06.356710',6,'nonsense');
INSERT INTO "blog_comment" VALUES(26,'Dumboy','2025-04-28 18:57:41.665691',6,'nice');
CREATE UNIQUE INDEX "django_content_type_app_label_model_76bd3d3b_uniq" ON "django_content_type" ("app_label", "model");
CREATE UNIQUE INDEX "auth_group_permissions_group_id_permission_id_0cd325b0_uniq" ON "auth_group_permissions" ("group_id", "permission_id");
CREATE INDEX IF NOT EXISTS "auth_group_permissions_group_id_b120cbf9" ON "auth_group_permissions" ("group_id");
CREATE INDEX IF NOT EXISTS "auth_group_permissions_permission_id_84c5c92e" ON "auth_group_permissions" ("permission_id");
CREATE UNIQUE INDEX "auth_permission_content_type_id_codename_01ab375a_uniq" ON "auth_permission" ("content_type_id", "codename");
CREATE INDEX IF NOT EXISTS "auth_permission_content_type_id_2f476e4b" ON "auth_permission" ("content_type_id");
CREATE UNIQUE INDEX "accounts_customuser_groups_customuser_id_group_id_c074bdcb_uniq" ON "accounts_customuser_groups" ("customuser_id", "group_id");
CREATE INDEX IF NOT EXISTS "accounts_customuser_groups_customuser_id_bc55088e" ON "accounts_customuser_groups" ("customuser_id");
CREATE INDEX IF NOT EXISTS "accounts_customuser_groups_group_id_86ba5f9e" ON "accounts_customuser_groups" ("group_id");
CREATE UNIQUE INDEX "accounts_customuser_user_permissions_customuser_id_permission_id_9632a709_uniq" ON "accounts_customuser_user_permissions" ("customuser_id", "permission_id");
CREATE INDEX IF NOT EXISTS "accounts_customuser_user_permissions_customuser_id_0deaefae" ON "accounts_customuser_user_permissions" ("customuser_id");
CREATE INDEX IF NOT EXISTS "accounts_customuser_user_permissions_permission_id_aea3d0e5" ON "accounts_customuser_user_permissions" ("permission_id");
CREATE INDEX IF NOT EXISTS "django_admin_log_content_type_id_c4bce8eb" ON "django_admin_log" ("content_type_id");
CREATE INDEX IF NOT EXISTS "django_admin_log_user_id_c564eba6" ON "django_admin_log" ("user_id");
CREATE INDEX IF NOT EXISTS "django_session_expire_date_a5c62663" ON "django_session" ("expire_date");
CREATE UNIQUE INDEX "blog_tag_posts_tag_id_post_id_3e2e54c9_uniq" ON "blog_tag_posts" ("tag_id", "post_id");
CREATE INDEX IF NOT EXISTS "blog_tag_posts_tag_id_5f489887" ON "blog_tag_posts" ("tag_id");
CREATE INDEX IF NOT EXISTS "blog_tag_posts_post_id_99049a47" ON "blog_tag_posts" ("post_id");
CREATE UNIQUE INDEX "blog_post_tags_post_id_tag_id_4925ec37_uniq" ON "blog_post_tags" ("post_id", "tag_id");
CREATE INDEX IF NOT EXISTS "blog_post_tags_post_id_a1c71c8a" ON "blog_post_tags" ("post_id");
CREATE INDEX IF NOT EXISTS "blog_post_tags_tag_id_0875c551" ON "blog_post_tags" ("tag_id");
CREATE INDEX IF NOT EXISTS "blog_post_author_id_dd7a8485" ON "blog_post" ("author_id");
CREATE UNIQUE INDEX "blog_post_likes_post_id_customuser_id_c8acd0f9_uniq" ON "blog_post_likes" ("post_id", "customuser_id");
CREATE INDEX IF NOT EXISTS "blog_post_likes_post_id_d038881a" ON "blog_post_likes" ("post_id");
CREATE INDEX IF NOT EXISTS "blog_post_likes_customuser_id_fd37be63" ON "blog_post_likes" ("customuser_id");
CREATE INDEX IF NOT EXISTS "blog_comment_post_id_580e96ef" ON "blog_comment" ("post_id");
CREATE TABLE IF NOT EXISTS "blog_post" ("id" integer NOT NULL PRIMARY KEY AUTOINCREMENT, "title" varchar(200) NOT NULL, "content" text NOT NULL, "created_at" datetime NOT NULL, "updated_at" datetime NOT NULL, "status" varchar(10) NOT NULL, "image" varchar(100) NULL, "author_id" bigint NOT NULL REFERENCES "accounts_customuser" ("id") DEFERRABLE INITIALLY DEFERRED, "views" integer unsigned NOT NULL CHECK ("views" >= 0));
INSERT INTO "blog_post" VALUES(1,'Noahide Wisdom','<p>We combine continuing education and constant monitoring us with your project details if you are interested to ge of industry trends and innovations to provide the right IT <span class="marker"><strong>solution</strong></span> at the right time. Contact us with your project details if you are interested to get our Web Solution or Software Development Services.</p>','2025-04-10 16:09:11.241161','2025-04-10 19:29:16.327716','published','blog_images/1.jpg',1,0);
INSERT INTO "blog_post" VALUES(2,'Tree of life','<p>We combine continuing education and constant monitoring us with your project details if you are interested to ge of industry trends and innovations to provide the right IT <span class="marker">solution</span> at the right time. Contact us with your project details if you are interested to get our Web Solution or Software Development Services.</p>','2025-04-10 16:12:05.512420','2025-04-10 19:30:16.774047','published','blog_images/2.jpg',1,64);
INSERT INTO "blog_post" VALUES(3,'G-d','<p>Margherita pizza is a classic <strong>Italian</strong> dish featuring a simple yet delicious combination of fresh ingredients. It typically includes a thin, crispy crust topped with vibrant tomato sauce, creamy mozzarella cheese, fresh basil leaves, and a drizzle of olive oil. This delightful balance of flavors represents the colors of the Italian flag.</p>','2025-04-10 16:42:45.588584','2025-04-23 19:52:42.969251','published','media/blog_images/logo_wln9qv',1,55);
INSERT INTO "blog_post" VALUES(4,'72 Names of God','<p>The 72 names of God are mystical combinations of Hebrew letters, each representing divine qualities and spiritual power for meditation and support.</p>','2025-04-10 19:32:25.026538','2025-04-23 19:52:15.862362','published','media/blog_images/logo_ktcqlg',1,44);
INSERT INTO "blog_post" VALUES(5,'Jews','<p>Jews have a rich cultural and religious heritage, rooted in traditions that date back thousands of years. They have made significant contributions to various fields, including science, art, and philosophy, while also fostering resilience through centuries of adversity and persecution.</p>','2025-04-10 19:36:18.757352','2025-04-23 19:51:58.278098','published','media/blog_images/logo_cofott',1,67);
INSERT INTO "blog_post" VALUES(6,'G-d','<p>The 72 Names of God, derived from the Hebrew Bible, represent powerful, mystical sequences believed to embody divine energy and attributes. Each name corresponds to a specific trait, such as healing, protection, or wisdom. Rooted in Kabbalistic tradition, these names are derived from three verses in Exodus, combined through gematria. Practitioners chant or meditate on them to unlock spiritual insights and foster a deeper connection with the divine, seeking transformation and guidance.</p>','2025-04-11 06:47:27.454458','2025-04-23 19:51:01.452308','published','media/blog_images/logo_vrbrgy',2,204);
CREATE UNIQUE INDEX "django_content_type_app_label_model_76bd3d3b_uniq" ON "django_content_type" ("app_label", "model");
CREATE UNIQUE INDEX "auth_group_permissions_group_id_permission_id_0cd325b0_uniq" ON "auth_group_permissions" ("group_id", "permission_id");
CREATE INDEX IF NOT EXISTS "auth_group_permissions_group_id_b120cbf9" ON "auth_group_permissions" ("group_id");
CREATE INDEX IF NOT EXISTS "auth_group_permissions_permission_id_84c5c92e" ON "auth_group_permissions" ("permission_id");
CREATE UNIQUE INDEX "auth_permission_content_type_id_codename_01ab375a_uniq" ON "auth_permission" ("content_type_id", "codename");
CREATE INDEX IF NOT EXISTS "auth_permission_content_type_id_2f476e4b" ON "auth_permission" ("content_type_id");
CREATE UNIQUE INDEX "accounts_customuser_groups_customuser_id_group_id_c074bdcb_uniq" ON "accounts_customuser_groups" ("customuser_id", "group_id");
CREATE INDEX IF NOT EXISTS "accounts_customuser_groups_customuser_id_bc55088e" ON "accounts_customuser_groups" ("customuser_id");
CREATE INDEX IF NOT EXISTS "accounts_customuser_groups_group_id_86ba5f9e" ON "accounts_customuser_groups" ("group_id");
CREATE UNIQUE INDEX "accounts_customuser_user_permissions_customuser_id_permission_id_9632a709_uniq" ON "accounts_customuser_user_permissions" ("customuser_id", "permission_id");
CREATE INDEX IF NOT EXISTS "accounts_customuser_user_permissions_customuser_id_0deaefae" ON "accounts_customuser_user_permissions" ("customuser_id");
CREATE INDEX IF NOT EXISTS "accounts_customuser_user_permissions_permission_id_aea3d0e5" ON "accounts_customuser_user_permissions" ("permission_id");
CREATE INDEX IF NOT EXISTS "django_admin_log_content_type_id_c4bce8eb" ON "django_admin_log" ("content_type_id");
CREATE INDEX IF NOT EXISTS "django_admin_log_user_id_c564eba6" ON "django_admin_log" ("user_id");
CREATE INDEX IF NOT EXISTS "django_session_expire_date_a5c62663" ON "django_session" ("expire_date");
CREATE UNIQUE INDEX "blog_tag_posts_tag_id_post_id_3e2e54c9_uniq" ON "blog_tag_posts" ("tag_id", "post_id");
CREATE INDEX IF NOT EXISTS "blog_tag_posts_tag_id_5f489887" ON "blog_tag_posts" ("tag_id");
CREATE INDEX IF NOT EXISTS "blog_tag_posts_post_id_99049a47" ON "blog_tag_posts" ("post_id");
CREATE UNIQUE INDEX "blog_post_tags_post_id_tag_id_4925ec37_uniq" ON "blog_post_tags" ("post_id", "tag_id");
CREATE INDEX IF NOT EXISTS "blog_post_tags_post_id_a1c71c8a" ON "blog_post_tags" ("post_id");
CREATE INDEX IF NOT EXISTS "blog_post_tags_tag_id_0875c551" ON "blog_post_tags" ("tag_id");
CREATE INDEX IF NOT EXISTS "blog_post_author_id_dd7a8485" ON "blog_post" ("author_id");
CREATE UNIQUE INDEX "blog_post_likes_post_id_customuser_id_c8acd0f9_uniq" ON "blog_post_likes" ("post_id", "customuser_id");
CREATE INDEX IF NOT EXISTS "blog_post_likes_post_id_d038881a" ON "blog_post_likes" ("post_id");
CREATE INDEX IF NOT EXISTS "blog_post_likes_customuser_id_fd37be63" ON "blog_post_likes" ("customuser_id");
CREATE INDEX IF NOT EXISTS "blog_comment_post_id_580e96ef" ON "blog_comment" ("post_id");
CREATE TABLE IF NOT EXISTS "blog_post_likes" ("id" integer NOT NULL PRIMARY KEY AUTOINCREMENT, "post_id" bigint NOT NULL REFERENCES "blog_post" ("id") DEFERRABLE INITIALLY DEFERRED, "customuser_id" bigint NOT NULL REFERENCES "accounts_customuser" ("id") DEFERRABLE INITIALLY DEFERRED);
INSERT INTO "blog_post_likes" VALUES(12,4,1);
INSERT INTO "blog_post_likes" VALUES(16,5,1);
INSERT INTO "blog_post_likes" VALUES(20,3,1);
INSERT INTO "blog_post_likes" VALUES(24,2,1);
CREATE UNIQUE INDEX "django_content_type_app_label_model_76bd3d3b_uniq" ON "django_content_type" ("app_label", "model");
CREATE UNIQUE INDEX "auth_group_permissions_group_id_permission_id_0cd325b0_uniq" ON "auth_group_permissions" ("group_id", "permission_id");
CREATE INDEX IF NOT EXISTS "auth_group_permissions_group_id_b120cbf9" ON "auth_group_permissions" ("group_id");
CREATE INDEX IF NOT EXISTS "auth_group_permissions_permission_id_84c5c92e" ON "auth_group_permissions" ("permission_id");
CREATE UNIQUE INDEX "auth_permission_content_type_id_codename_01ab375a_uniq" ON "auth_permission" ("content_type_id", "codename");
CREATE INDEX IF NOT EXISTS "auth_permission_content_type_id_2f476e4b" ON "auth_permission" ("content_type_id");
CREATE UNIQUE INDEX "accounts_customuser_groups_customuser_id_group_id_c074bdcb_uniq" ON "accounts_customuser_groups" ("customuser_id", "group_id");
CREATE INDEX IF NOT EXISTS "accounts_customuser_groups_customuser_id_bc55088e" ON "accounts_customuser_groups" ("customuser_id");
CREATE INDEX IF NOT EXISTS "accounts_customuser_groups_group_id_86ba5f9e" ON "accounts_customuser_groups" ("group_id");
CREATE UNIQUE INDEX "accounts_customuser_user_permissions_customuser_id_permission_id_9632a709_uniq" ON "accounts_customuser_user_permissions" ("customuser_id", "permission_id");
CREATE INDEX IF NOT EXISTS "accounts_customuser_user_permissions_customuser_id_0deaefae" ON "accounts_customuser_user_permissions" ("customuser_id");
CREATE INDEX IF NOT EXISTS "accounts_customuser_user_permissions_permission_id_aea3d0e5" ON "accounts_customuser_user_permissions" ("permission_id");
CREATE INDEX IF NOT EXISTS "django_admin_log_content_type_id_c4bce8eb" ON "django_admin_log" ("content_type_id");
CREATE INDEX IF NOT EXISTS "django_admin_log_user_id_c564eba6" ON "django_admin_log" ("user_id");
CREATE INDEX IF NOT EXISTS "django_session_expire_date_a5c62663" ON "django_session" ("expire_date");
CREATE UNIQUE INDEX "blog_tag_posts_tag_id_post_id_3e2e54c9_uniq" ON "blog_tag_posts" ("tag_id", "post_id");
CREATE INDEX IF NOT EXISTS "blog_tag_posts_tag_id_5f489887" ON "blog_tag_posts" ("tag_id");
CREATE INDEX IF NOT EXISTS "blog_tag_posts_post_id_99049a47" ON "blog_tag_posts" ("post_id");
CREATE UNIQUE INDEX "blog_post_tags_post_id_tag_id_4925ec37_uniq" ON "blog_post_tags" ("post_id", "tag_id");
CREATE INDEX IF NOT EXISTS "blog_post_tags_post_id_a1c71c8a" ON "blog_post_tags" ("post_id");
CREATE INDEX IF NOT EXISTS "blog_post_tags_tag_id_0875c551" ON "blog_post_tags" ("tag_id");
CREATE INDEX IF NOT EXISTS "blog_post_author_id_dd7a8485" ON "blog_post" ("author_id");
CREATE UNIQUE INDEX "blog_post_likes_post_id_customuser_id_c8acd0f9_uniq" ON "blog_post_likes" ("post_id", "customuser_id");
CREATE INDEX IF NOT EXISTS "blog_post_likes_post_id_d038881a" ON "blog_post_likes" ("post_id");
CREATE INDEX IF NOT EXISTS "blog_post_likes_customuser_id_fd37be63" ON "blog_post_likes" ("customuser_id");
CREATE INDEX IF NOT EXISTS "blog_comment_post_id_580e96ef" ON "blog_comment" ("post_id");
CREATE TABLE IF NOT EXISTS "blog_post_tags" ("id" integer NOT NULL PRIMARY KEY AUTOINCREMENT, "post_id" bigint NOT NULL REFERENCES "blog_post" ("id") DEFERRABLE INITIALLY DEFERRED, "tag_id" bigint NOT NULL REFERENCES "blog_tag" ("id") DEFERRABLE INITIALLY DEFERRED);
INSERT INTO "blog_post_tags" VALUES(1,3,3);
INSERT INTO "blog_post_tags" VALUES(2,2,1);
INSERT INTO "blog_post_tags" VALUES(3,1,2);
INSERT INTO "blog_post_tags" VALUES(4,4,1);
INSERT INTO "blog_post_tags" VALUES(5,5,1);
INSERT INTO "blog_post_tags" VALUES(6,6,1);
CREATE UNIQUE INDEX "django_content_type_app_label_model_76bd3d3b_uniq" ON "django_content_type" ("app_label", "model");
CREATE UNIQUE INDEX "auth_group_permissions_group_id_permission_id_0cd325b0_uniq" ON "auth_group_permissions" ("group_id", "permission_id");
CREATE INDEX IF NOT EXISTS "auth_group_permissions_group_id_b120cbf9" ON "auth_group_permissions" ("group_id");
CREATE INDEX IF NOT EXISTS "auth_group_permissions_permission_id_84c5c92e" ON "auth_group_permissions" ("permission_id");
CREATE UNIQUE INDEX "auth_permission_content_type_id_codename_01ab375a_uniq" ON "auth_permission" ("content_type_id", "codename");
CREATE INDEX IF NOT EXISTS "auth_permission_content_type_id_2f476e4b" ON "auth_permission" ("content_type_id");
CREATE UNIQUE INDEX "accounts_customuser_groups_customuser_id_group_id_c074bdcb_uniq" ON "accounts_customuser_groups" ("customuser_id", "group_id");
CREATE INDEX IF NOT EXISTS "accounts_customuser_groups_customuser_id_bc55088e" ON "accounts_customuser_groups" ("customuser_id");
CREATE INDEX IF NOT EXISTS "accounts_customuser_groups_group_id_86ba5f9e" ON "accounts_customuser_groups" ("group_id");
CREATE UNIQUE INDEX "accounts_customuser_user_permissions_customuser_id_permission_id_9632a709_uniq" ON "accounts_customuser_user_permissions" ("customuser_id", "permission_id");
CREATE INDEX IF NOT EXISTS "accounts_customuser_user_permissions_customuser_id_0deaefae" ON "accounts_customuser_user_permissions" ("customuser_id");
CREATE INDEX IF NOT EXISTS "accounts_customuser_user_permissions_permission_id_aea3d0e5" ON "accounts_customuser_user_permissions" ("permission_id");
CREATE INDEX IF NOT EXISTS "django_admin_log_content_type_id_c4bce8eb" ON "django_admin_log" ("content_type_id");
CREATE INDEX IF NOT EXISTS "django_admin_log_user_id_c564eba6" ON "django_admin_log" ("user_id");
CREATE INDEX IF NOT EXISTS "django_session_expire_date_a5c62663" ON "django_session" ("expire_date");
CREATE UNIQUE INDEX "blog_tag_posts_tag_id_post_id_3e2e54c9_uniq" ON "blog_tag_posts" ("tag_id", "post_id");
CREATE INDEX IF NOT EXISTS "blog_tag_posts_tag_id_5f489887" ON "blog_tag_posts" ("tag_id");
CREATE INDEX IF NOT EXISTS "blog_tag_posts_post_id_99049a47" ON "blog_tag_posts" ("post_id");
CREATE UNIQUE INDEX "blog_post_tags_post_id_tag_id_4925ec37_uniq" ON "blog_post_tags" ("post_id", "tag_id");
CREATE INDEX IF NOT EXISTS "blog_post_tags_post_id_a1c71c8a" ON "blog_post_tags" ("post_id");
CREATE INDEX IF NOT EXISTS "blog_post_tags_tag_id_0875c551" ON "blog_post_tags" ("tag_id");
CREATE INDEX IF NOT EXISTS "blog_post_author_id_dd7a8485" ON "blog_post" ("author_id");
CREATE UNIQUE INDEX "blog_post_likes_post_id_customuser_id_c8acd0f9_uniq" ON "blog_post_likes" ("post_id", "customuser_id");
CREATE INDEX IF NOT EXISTS "blog_post_likes_post_id_d038881a" ON "blog_post_likes" ("post_id");
CREATE INDEX IF NOT EXISTS "blog_post_likes_customuser_id_fd37be63" ON "blog_post_likes" ("customuser_id");
CREATE INDEX IF NOT EXISTS "blog_comment_post_id_580e96ef" ON "blog_comment" ("post_id");
CREATE TABLE IF NOT EXISTS "blog_subscriber" ("id" integer NOT NULL PRIMARY KEY AUTOINCREMENT, "email" varchar(254) NOT NULL UNIQUE);
INSERT INTO "blog_subscriber" VALUES(1,'chukwuebuka.omenife@miva.edu.ng');
INSERT INTO "blog_subscriber" VALUES(2,'Checheomenife@gmail.com');
INSERT INTO "blog_subscriber" VALUES(3,'Checheomenifee@gmail.com');
INSERT INTO "blog_subscriber" VALUES(4,'Checheomenifie@gmail.com');
INSERT INTO "blog_subscriber" VALUES(5,'chukwuebuka.omenife@miva.edu.np');
INSERT INTO "blog_subscriber" VALUES(6,'chukwuebuka.omenifp@miva.edu.ng');
INSERT INTO "blog_subscriber" VALUES(7,'chukwuebuka.omenife@miva.edu.nk');
INSERT INTO "blog_subscriber" VALUES(8,'Checheomenife@gmail.cok');
INSERT INTO "blog_subscriber" VALUES(9,'chukwuebuka.omenife@miva.edu.ngh');
INSERT INTO "blog_subscriber" VALUES(10,'chukwuebuka.omenife@miva.edu.ngl');
INSERT INTO "blog_subscriber" VALUES(11,'Cchecheomenife@gmail.com');
INSERT INTO "blog_subscriber" VALUES(12,'chukwuebuka.omenife@miva.edu.ngg');
CREATE UNIQUE INDEX "django_content_type_app_label_model_76bd3d3b_uniq" ON "django_content_type" ("app_label", "model");
CREATE UNIQUE INDEX "auth_group_permissions_group_id_permission_id_0cd325b0_uniq" ON "auth_group_permissions" ("group_id", "permission_id");
CREATE INDEX IF NOT EXISTS "auth_group_permissions_group_id_b120cbf9" ON "auth_group_permissions" ("group_id");
CREATE INDEX IF NOT EXISTS "auth_group_permissions_permission_id_84c5c92e" ON "auth_group_permissions" ("permission_id");
CREATE UNIQUE INDEX "auth_permission_content_type_id_codename_01ab375a_uniq" ON "auth_permission" ("content_type_id", "codename");
CREATE INDEX IF NOT EXISTS "auth_permission_content_type_id_2f476e4b" ON "auth_permission" ("content_type_id");
CREATE UNIQUE INDEX "accounts_customuser_groups_customuser_id_group_id_c074bdcb_uniq" ON "accounts_customuser_groups" ("customuser_id", "group_id");
CREATE INDEX IF NOT EXISTS "accounts_customuser_groups_customuser_id_bc55088e" ON "accounts_customuser_groups" ("customuser_id");
CREATE INDEX IF NOT EXISTS "accounts_customuser_groups_group_id_86ba5f9e" ON "accounts_customuser_groups" ("group_id");
CREATE UNIQUE INDEX "accounts_customuser_user_permissions_customuser_id_permission_id_9632a709_uniq" ON "accounts_customuser_user_permissions" ("customuser_id", "permission_id");
CREATE INDEX IF NOT EXISTS "accounts_customuser_user_permissions_customuser_id_0deaefae" ON "accounts_customuser_user_permissions" ("customuser_id");
CREATE INDEX IF NOT EXISTS "accounts_customuser_user_permissions_permission_id_aea3d0e5" ON "accounts_customuser_user_permissions" ("permission_id");
CREATE INDEX IF NOT EXISTS "django_admin_log_content_type_id_c4bce8eb" ON "django_admin_log" ("content_type_id");
CREATE INDEX IF NOT EXISTS "django_admin_log_user_id_c564eba6" ON "django_admin_log" ("user_id");
CREATE INDEX IF NOT EXISTS "django_session_expire_date_a5c62663" ON "django_session" ("expire_date");
CREATE UNIQUE INDEX "blog_tag_posts_tag_id_post_id_3e2e54c9_uniq" ON "blog_tag_posts" ("tag_id", "post_id");
CREATE INDEX IF NOT EXISTS "blog_tag_posts_tag_id_5f489887" ON "blog_tag_posts" ("tag_id");
CREATE INDEX IF NOT EXISTS "blog_tag_posts_post_id_99049a47" ON "blog_tag_posts" ("post_id");
CREATE UNIQUE INDEX "blog_post_tags_post_id_tag_id_4925ec37_uniq" ON "blog_post_tags" ("post_id", "tag_id");
CREATE INDEX IF NOT EXISTS "blog_post_tags_post_id_a1c71c8a" ON "blog_post_tags" ("post_id");
CREATE INDEX IF NOT EXISTS "blog_post_tags_tag_id_0875c551" ON "blog_post_tags" ("tag_id");
CREATE INDEX IF NOT EXISTS "blog_post_author_id_dd7a8485" ON "blog_post" ("author_id");
CREATE UNIQUE INDEX "blog_post_likes_post_id_customuser_id_c8acd0f9_uniq" ON "blog_post_likes" ("post_id", "customuser_id");
CREATE INDEX IF NOT EXISTS "blog_post_likes_post_id_d038881a" ON "blog_post_likes" ("post_id");
CREATE INDEX IF NOT EXISTS "blog_post_likes_customuser_id_fd37be63" ON "blog_post_likes" ("customuser_id");
CREATE INDEX IF NOT EXISTS "blog_comment_post_id_580e96ef" ON "blog_comment" ("post_id");
CREATE TABLE IF NOT EXISTS "blog_tag" ("id" integer NOT NULL PRIMARY KEY AUTOINCREMENT, "name" varchar(100) NOT NULL UNIQUE);
INSERT INTO "blog_tag" VALUES(1,'Kaballah');
INSERT INTO "blog_tag" VALUES(2,'Kaballah Life');
INSERT INTO "blog_tag" VALUES(3,'Food');
CREATE UNIQUE INDEX "django_content_type_app_label_model_76bd3d3b_uniq" ON "django_content_type" ("app_label", "model");
CREATE UNIQUE INDEX "auth_group_permissions_group_id_permission_id_0cd325b0_uniq" ON "auth_group_permissions" ("group_id", "permission_id");
CREATE INDEX IF NOT EXISTS "auth_group_permissions_group_id_b120cbf9" ON "auth_group_permissions" ("group_id");
CREATE INDEX IF NOT EXISTS "auth_group_permissions_permission_id_84c5c92e" ON "auth_group_permissions" ("permission_id");
CREATE UNIQUE INDEX "auth_permission_content_type_id_codename_01ab375a_uniq" ON "auth_permission" ("content_type_id", "codename");
CREATE INDEX IF NOT EXISTS "auth_permission_content_type_id_2f476e4b" ON "auth_permission" ("content_type_id");
CREATE UNIQUE INDEX "accounts_customuser_groups_customuser_id_group_id_c074bdcb_uniq" ON "accounts_customuser_groups" ("customuser_id", "group_id");
CREATE INDEX IF NOT EXISTS "accounts_customuser_groups_customuser_id_bc55088e" ON "accounts_customuser_groups" ("customuser_id");
CREATE INDEX IF NOT EXISTS "accounts_customuser_groups_group_id_86ba5f9e" ON "accounts_customuser_groups" ("group_id");
CREATE UNIQUE INDEX "accounts_customuser_user_permissions_customuser_id_permission_id_9632a709_uniq" ON "accounts_customuser_user_permissions" ("customuser_id", "permission_id");
CREATE INDEX IF NOT EXISTS "accounts_customuser_user_permissions_customuser_id_0deaefae" ON "accounts_customuser_user_permissions" ("customuser_id");
CREATE INDEX IF NOT EXISTS "accounts_customuser_user_permissions_permission_id_aea3d0e5" ON "accounts_customuser_user_permissions" ("permission_id");
CREATE INDEX IF NOT EXISTS "django_admin_log_content_type_id_c4bce8eb" ON "django_admin_log" ("content_type_id");
CREATE INDEX IF NOT EXISTS "django_admin_log_user_id_c564eba6" ON "django_admin_log" ("user_id");
CREATE INDEX IF NOT EXISTS "django_session_expire_date_a5c62663" ON "django_session" ("expire_date");
CREATE UNIQUE INDEX "blog_tag_posts_tag_id_post_id_3e2e54c9_uniq" ON "blog_tag_posts" ("tag_id", "post_id");
CREATE INDEX IF NOT EXISTS "blog_tag_posts_tag_id_5f489887" ON "blog_tag_posts" ("tag_id");
CREATE INDEX IF NOT EXISTS "blog_tag_posts_post_id_99049a47" ON "blog_tag_posts" ("post_id");
CREATE UNIQUE INDEX "blog_post_tags_post_id_tag_id_4925ec37_uniq" ON "blog_post_tags" ("post_id", "tag_id");
CREATE INDEX IF NOT EXISTS "blog_post_tags_post_id_a1c71c8a" ON "blog_post_tags" ("post_id");
CREATE INDEX IF NOT EXISTS "blog_post_tags_tag_id_0875c551" ON "blog_post_tags" ("tag_id");
CREATE INDEX IF NOT EXISTS "blog_post_author_id_dd7a8485" ON "blog_post" ("author_id");
CREATE UNIQUE INDEX "blog_post_likes_post_id_customuser_id_c8acd0f9_uniq" ON "blog_post_likes" ("post_id", "customuser_id");
CREATE INDEX IF NOT EXISTS "blog_post_likes_post_id_d038881a" ON "blog_post_likes" ("post_id");
CREATE INDEX IF NOT EXISTS "blog_post_likes_customuser_id_fd37be63" ON "blog_post_likes" ("customuser_id");
CREATE INDEX IF NOT EXISTS "blog_comment_post_id_580e96ef" ON "blog_comment" ("post_id");
CREATE TABLE IF NOT EXISTS "blog_tag_posts" ("id" integer NOT NULL PRIMARY KEY AUTOINCREMENT, "tag_id" bigint NOT NULL REFERENCES "blog_tag" ("id") DEFERRABLE INITIALLY DEFERRED, "post_id" bigint NOT NULL REFERENCES "blog_post" ("id") DEFERRABLE INITIALLY DEFERRED);
INSERT INTO "blog_tag_posts" VALUES(1,1,2);
INSERT INTO "blog_tag_posts" VALUES(2,2,1);
CREATE UNIQUE INDEX "django_content_type_app_label_model_76bd3d3b_uniq" ON "django_content_type" ("app_label", "model");
CREATE UNIQUE INDEX "auth_group_permissions_group_id_permission_id_0cd325b0_uniq" ON "auth_group_permissions" ("group_id", "permission_id");
CREATE INDEX IF NOT EXISTS "auth_group_permissions_group_id_b120cbf9" ON "auth_group_permissions" ("group_id");
CREATE INDEX IF NOT EXISTS "auth_group_permissions_permission_id_84c5c92e" ON "auth_group_permissions" ("permission_id");
CREATE UNIQUE INDEX "auth_permission_content_type_id_codename_01ab375a_uniq" ON "auth_permission" ("content_type_id", "codename");
CREATE INDEX IF NOT EXISTS "auth_permission_content_type_id_2f476e4b" ON "auth_permission" ("content_type_id");
CREATE UNIQUE INDEX "accounts_customuser_groups_customuser_id_group_id_c074bdcb_uniq" ON "accounts_customuser_groups" ("customuser_id", "group_id");
CREATE INDEX IF NOT EXISTS "accounts_customuser_groups_customuser_id_bc55088e" ON "accounts_customuser_groups" ("customuser_id");
CREATE INDEX IF NOT EXISTS "accounts_customuser_groups_group_id_86ba5f9e" ON "accounts_customuser_groups" ("group_id");
CREATE UNIQUE INDEX "accounts_customuser_user_permissions_customuser_id_permission_id_9632a709_uniq" ON "accounts_customuser_user_permissions" ("customuser_id", "permission_id");
CREATE INDEX IF NOT EXISTS "accounts_customuser_user_permissions_customuser_id_0deaefae" ON "accounts_customuser_user_permissions" ("customuser_id");
CREATE INDEX IF NOT EXISTS "accounts_customuser_user_permissions_permission_id_aea3d0e5" ON "accounts_customuser_user_permissions" ("permission_id");
CREATE INDEX IF NOT EXISTS "django_admin_log_content_type_id_c4bce8eb" ON "django_admin_log" ("content_type_id");
CREATE INDEX IF NOT EXISTS "django_admin_log_user_id_c564eba6" ON "django_admin_log" ("user_id");
CREATE INDEX IF NOT EXISTS "django_session_expire_date_a5c62663" ON "django_session" ("expire_date");
CREATE UNIQUE INDEX "blog_tag_posts_tag_id_post_id_3e2e54c9_uniq" ON "blog_tag_posts" ("tag_id", "post_id");
CREATE INDEX IF NOT EXISTS "blog_tag_posts_tag_id_5f489887" ON "blog_tag_posts" ("tag_id");
CREATE INDEX IF NOT EXISTS "blog_tag_posts_post_id_99049a47" ON "blog_tag_posts" ("post_id");
CREATE UNIQUE INDEX "blog_post_tags_post_id_tag_id_4925ec37_uniq" ON "blog_post_tags" ("post_id", "tag_id");
CREATE INDEX IF NOT EXISTS "blog_post_tags_post_id_a1c71c8a" ON "blog_post_tags" ("post_id");
CREATE INDEX IF NOT EXISTS "blog_post_tags_tag_id_0875c551" ON "blog_post_tags" ("tag_id");
CREATE INDEX IF NOT EXISTS "blog_post_author_id_dd7a8485" ON "blog_post" ("author_id");
CREATE UNIQUE INDEX "blog_post_likes_post_id_customuser_id_c8acd0f9_uniq" ON "blog_post_likes" ("post_id", "customuser_id");
CREATE INDEX IF NOT EXISTS "blog_post_likes_post_id_d038881a" ON "blog_post_likes" ("post_id");
CREATE INDEX IF NOT EXISTS "blog_post_likes_customuser_id_fd37be63" ON "blog_post_likes" ("customuser_id");
CREATE INDEX IF NOT EXISTS "blog_comment_post_id_580e96ef" ON "blog_comment" ("post_id");
CREATE TABLE IF NOT EXISTS "django_admin_log" ("id" integer NOT NULL PRIMARY KEY AUTOINCREMENT, "object_id" text NULL, "object_repr" varchar(200) NOT NULL, "action_flag" smallint unsigned NOT NULL CHECK ("action_flag" >= 0), "change_message" text NOT NULL, "content_type_id" integer NULL REFERENCES "django_content_type" ("id") DEFERRABLE INITIALLY DEFERRED, "user_id" bigint NOT NULL REFERENCES "accounts_customuser" ("id") DEFERRABLE INITIALLY DEFERRED, "action_time" datetime NOT NULL);
INSERT INTO "django_admin_log" VALUES(1,'1','Noahide Wisdom',1,'[{"added": {}}]',8,1,'2025-04-10 16:09:11.242638');
INSERT INTO "django_admin_log" VALUES(2,'2','Noahide Wisdom',1,'[{"added": {}}]',8,1,'2025-04-10 16:12:05.513303');
INSERT INTO "django_admin_log" VALUES(3,'1','Kaballah',1,'[{"added": {}}]',9,1,'2025-04-10 16:12:46.769168');
INSERT INTO "django_admin_log" VALUES(4,'1','Noahide Wisdom',2,'[]',8,1,'2025-04-10 16:13:10.307077');
INSERT INTO "django_admin_log" VALUES(5,'2','Noahide Wisdom',2,'[]',8,1,'2025-04-10 16:13:19.823613');
INSERT INTO "django_admin_log" VALUES(6,'2','Noahide Wisdom',2,'[]',8,1,'2025-04-10 16:27:15.134041');
INSERT INTO "django_admin_log" VALUES(7,'2','Kaballah Life',1,'[{"added": {}}]',9,1,'2025-04-10 16:27:34.656596');
INSERT INTO "django_admin_log" VALUES(8,'3','Food',1,'[{"added": {}}]',9,1,'2025-04-10 16:39:22.402547');
INSERT INTO "django_admin_log" VALUES(9,'3','Pizza',1,'[{"added": {}}]',8,1,'2025-04-10 16:42:45.590991');
INSERT INTO "django_admin_log" VALUES(10,'3','Pizza',2,'[]',8,1,'2025-04-10 17:21:53.771089');
INSERT INTO "django_admin_log" VALUES(11,'2','Tree of life',2,'[{"changed": {"fields": ["Title"]}}]',8,1,'2025-04-10 19:17:01.526980');
INSERT INTO "django_admin_log" VALUES(12,'2','Tree of life',2,'[{"changed": {"fields": ["Tags"]}}]',8,1,'2025-04-10 19:29:10.235750');
INSERT INTO "django_admin_log" VALUES(13,'1','Noahide Wisdom',2,'[{"changed": {"fields": ["Tags"]}}]',8,1,'2025-04-10 19:29:16.331077');
INSERT INTO "django_admin_log" VALUES(14,'2','Tree of life',2,'[{"changed": {"fields": ["Image"]}}]',8,1,'2025-04-10 19:30:16.775856');
INSERT INTO "django_admin_log" VALUES(15,'4','72 Names of God',1,'[{"added": {}}]',8,1,'2025-04-10 19:32:25.030016');
INSERT INTO "django_admin_log" VALUES(16,'5','Jews',1,'[{"added": {}}]',8,1,'2025-04-10 19:36:18.760575');
INSERT INTO "django_admin_log" VALUES(17,'2','makua',2,'[{"changed": {"fields": ["Staff status", "Superuser status"]}}]',6,1,'2025-04-11 06:43:18.052811');
INSERT INTO "django_admin_log" VALUES(18,'6','Yaweh',1,'[{"added": {}}]',8,2,'2025-04-11 06:47:27.457188');
INSERT INTO "django_admin_log" VALUES(19,'6','G-d',2,'[{"changed": {"fields": ["Title"]}}]',8,2,'2025-04-11 06:50:20.245251');
INSERT INTO "django_admin_log" VALUES(20,'6','G-d',2,'[{"changed": {"fields": ["Image"]}}]',8,1,'2025-04-23 19:51:04.301488');
INSERT INTO "django_admin_log" VALUES(21,'5','Jews',2,'[{"changed": {"fields": ["Image"]}}]',8,1,'2025-04-23 19:51:59.220446');
INSERT INTO "django_admin_log" VALUES(22,'4','72 Names of God',2,'[{"changed": {"fields": ["Image"]}}]',8,1,'2025-04-23 19:52:16.743433');
INSERT INTO "django_admin_log" VALUES(23,'3','G-d',2,'[{"changed": {"fields": ["Title", "Image"]}}]',8,1,'2025-04-23 19:52:45.118700');
CREATE UNIQUE INDEX "django_content_type_app_label_model_76bd3d3b_uniq" ON "django_content_type" ("app_label", "model");
CREATE UNIQUE INDEX "auth_group_permissions_group_id_permission_id_0cd325b0_uniq" ON "auth_group_permissions" ("group_id", "permission_id");
CREATE INDEX IF NOT EXISTS "auth_group_permissions_group_id_b120cbf9" ON "auth_group_permissions" ("group_id");
CREATE INDEX IF NOT EXISTS "auth_group_permissions_permission_id_84c5c92e" ON "auth_group_permissions" ("permission_id");
CREATE UNIQUE INDEX "auth_permission_content_type_id_codename_01ab375a_uniq" ON "auth_permission" ("content_type_id", "codename");
CREATE INDEX IF NOT EXISTS "auth_permission_content_type_id_2f476e4b" ON "auth_permission" ("content_type_id");
CREATE UNIQUE INDEX "accounts_customuser_groups_customuser_id_group_id_c074bdcb_uniq" ON "accounts_customuser_groups" ("customuser_id", "group_id");
CREATE INDEX IF NOT EXISTS "accounts_customuser_groups_customuser_id_bc55088e" ON "accounts_customuser_groups" ("customuser_id");
CREATE INDEX IF NOT EXISTS "accounts_customuser_groups_group_id_86ba5f9e" ON "accounts_customuser_groups" ("group_id");
CREATE UNIQUE INDEX "accounts_customuser_user_permissions_customuser_id_permission_id_9632a709_uniq" ON "accounts_customuser_user_permissions" ("customuser_id", "permission_id");
CREATE INDEX IF NOT EXISTS "accounts_customuser_user_permissions_customuser_id_0deaefae" ON "accounts_customuser_user_permissions" ("customuser_id");
CREATE INDEX IF NOT EXISTS "accounts_customuser_user_permissions_permission_id_aea3d0e5" ON "accounts_customuser_user_permissions" ("permission_id");
CREATE INDEX IF NOT EXISTS "django_admin_log_content_type_id_c4bce8eb" ON "django_admin_log" ("content_type_id");
CREATE INDEX IF NOT EXISTS "django_admin_log_user_id_c564eba6" ON "django_admin_log" ("user_id");
CREATE INDEX IF NOT EXISTS "django_session_expire_date_a5c62663" ON "django_session" ("expire_date");
CREATE UNIQUE INDEX "blog_tag_posts_tag_id_post_id_3e2e54c9_uniq" ON "blog_tag_posts" ("tag_id", "post_id");
CREATE INDEX IF NOT EXISTS "blog_tag_posts_tag_id_5f489887" ON "blog_tag_posts" ("tag_id");
CREATE INDEX IF NOT EXISTS "blog_tag_posts_post_id_99049a47" ON "blog_tag_posts" ("post_id");
CREATE UNIQUE INDEX "blog_post_tags_post_id_tag_id_4925ec37_uniq" ON "blog_post_tags" ("post_id", "tag_id");
CREATE INDEX IF NOT EXISTS "blog_post_tags_post_id_a1c71c8a" ON "blog_post_tags" ("post_id");
CREATE INDEX IF NOT EXISTS "blog_post_tags_tag_id_0875c551" ON "blog_post_tags" ("tag_id");
CREATE INDEX IF NOT EXISTS "blog_post_author_id_dd7a8485" ON "blog_post" ("author_id");
CREATE UNIQUE INDEX "blog_post_likes_post_id_customuser_id_c8acd0f9_uniq" ON "blog_post_likes" ("post_id", "customuser_id");
CREATE INDEX IF NOT EXISTS "blog_post_likes_post_id_d038881a" ON "blog_post_likes" ("post_id");
CREATE INDEX IF NOT EXISTS "blog_post_likes_customuser_id_fd37be63" ON "blog_post_likes" ("customuser_id");
CREATE INDEX IF NOT EXISTS "blog_comment_post_id_580e96ef" ON "blog_comment" ("post_id");
CREATE TABLE IF NOT EXISTS "django_content_type" ("id" integer NOT NULL PRIMARY KEY AUTOINCREMENT, "app_label" varchar(100) NOT NULL, "model" varchar(100) NOT NULL);
INSERT INTO "django_content_type" VALUES(1,'admin','logentry');
INSERT INTO "django_content_type" VALUES(2,'auth','permission');
INSERT INTO "django_content_type" VALUES(3,'auth','group');
INSERT INTO "django_content_type" VALUES(4,'contenttypes','contenttype');
INSERT INTO "django_content_type" VALUES(5,'sessions','session');
INSERT INTO "django_content_type" VALUES(6,'accounts','customuser');
INSERT INTO "django_content_type" VALUES(7,'blog','comment');
INSERT INTO "django_content_type" VALUES(8,'blog','post');
INSERT INTO "django_content_type" VALUES(9,'blog','tag');
INSERT INTO "django_content_type" VALUES(10,'blog','subscriber');
CREATE UNIQUE INDEX "django_content_type_app_label_model_76bd3d3b_uniq" ON "django_content_type" ("app_label", "model");
CREATE UNIQUE INDEX "auth_group_permissions_group_id_permission_id_0cd325b0_uniq" ON "auth_group_permissions" ("group_id", "permission_id");
CREATE INDEX IF NOT EXISTS "auth_group_permissions_group_id_b120cbf9" ON "auth_group_permissions" ("group_id");
CREATE INDEX IF NOT EXISTS "auth_group_permissions_permission_id_84c5c92e" ON "auth_group_permissions" ("permission_id");
CREATE UNIQUE INDEX "auth_permission_content_type_id_codename_01ab375a_uniq" ON "auth_permission" ("content_type_id", "codename");
CREATE INDEX IF NOT EXISTS "auth_permission_content_type_id_2f476e4b" ON "auth_permission" ("content_type_id");
CREATE UNIQUE INDEX "accounts_customuser_groups_customuser_id_group_id_c074bdcb_uniq" ON "accounts_customuser_groups" ("customuser_id", "group_id");
CREATE INDEX IF NOT EXISTS "accounts_customuser_groups_customuser_id_bc55088e" ON "accounts_customuser_groups" ("customuser_id");
CREATE INDEX IF NOT EXISTS "accounts_customuser_groups_group_id_86ba5f9e" ON "accounts_customuser_groups" ("group_id");
CREATE UNIQUE INDEX "accounts_customuser_user_permissions_customuser_id_permission_id_9632a709_uniq" ON "accounts_customuser_user_permissions" ("customuser_id", "permission_id");
CREATE INDEX IF NOT EXISTS "accounts_customuser_user_permissions_customuser_id_0deaefae" ON "accounts_customuser_user_permissions" ("customuser_id");
CREATE INDEX IF NOT EXISTS "accounts_customuser_user_permissions_permission_id_aea3d0e5" ON "accounts_customuser_user_permissions" ("permission_id");
CREATE INDEX IF NOT EXISTS "django_admin_log_content_type_id_c4bce8eb" ON "django_admin_log" ("content_type_id");
CREATE INDEX IF NOT EXISTS "django_admin_log_user_id_c564eba6" ON "django_admin_log" ("user_id");
CREATE INDEX IF NOT EXISTS "django_session_expire_date_a5c62663" ON "django_session" ("expire_date");
CREATE UNIQUE INDEX "blog_tag_posts_tag_id_post_id_3e2e54c9_uniq" ON "blog_tag_posts" ("tag_id", "post_id");
CREATE INDEX IF NOT EXISTS "blog_tag_posts_tag_id_5f489887" ON "blog_tag_posts" ("tag_id");
CREATE INDEX IF NOT EXISTS "blog_tag_posts_post_id_99049a47" ON "blog_tag_posts" ("post_id");
CREATE UNIQUE INDEX "blog_post_tags_post_id_tag_id_4925ec37_uniq" ON "blog_post_tags" ("post_id", "tag_id");
CREATE INDEX IF NOT EXISTS "blog_post_tags_post_id_a1c71c8a" ON "blog_post_tags" ("post_id");
CREATE INDEX IF NOT EXISTS "blog_post_tags_tag_id_0875c551" ON "blog_post_tags" ("tag_id");
CREATE INDEX IF NOT EXISTS "blog_post_author_id_dd7a8485" ON "blog_post" ("author_id");
CREATE UNIQUE INDEX "blog_post_likes_post_id_customuser_id_c8acd0f9_uniq" ON "blog_post_likes" ("post_id", "customuser_id");
CREATE INDEX IF NOT EXISTS "blog_post_likes_post_id_d038881a" ON "blog_post_likes" ("post_id");
CREATE INDEX IF NOT EXISTS "blog_post_likes_customuser_id_fd37be63" ON "blog_post_likes" ("customuser_id");
CREATE INDEX IF NOT EXISTS "blog_comment_post_id_580e96ef" ON "blog_comment" ("post_id");
CREATE TABLE IF NOT EXISTS "django_migrations" ("id" integer NOT NULL PRIMARY KEY AUTOINCREMENT, "app" varchar(255) NOT NULL, "name" varchar(255) NOT NULL, "applied" datetime NOT NULL);
INSERT INTO "django_migrations" VALUES(1,'contenttypes','0001_initial','2025-04-07 20:40:13.393960');
INSERT INTO "django_migrations" VALUES(2,'contenttypes','0002_remove_content_type_name','2025-04-07 20:40:13.420458');
INSERT INTO "django_migrations" VALUES(3,'auth','0001_initial','2025-04-07 20:40:13.476270');
INSERT INTO "django_migrations" VALUES(4,'auth','0002_alter_permission_name_max_length','2025-04-07 20:40:13.500673');
INSERT INTO "django_migrations" VALUES(5,'auth','0003_alter_user_email_max_length','2025-04-07 20:40:13.530763');
INSERT INTO "django_migrations" VALUES(6,'auth','0004_alter_user_username_opts','2025-04-07 20:40:13.550113');
INSERT INTO "django_migrations" VALUES(7,'auth','0005_alter_user_last_login_null','2025-04-07 20:40:13.570934');
INSERT INTO "django_migrations" VALUES(8,'auth','0006_require_contenttypes_0002','2025-04-07 20:40:13.590142');
INSERT INTO "django_migrations" VALUES(9,'auth','0007_alter_validators_add_error_messages','2025-04-07 20:40:13.618154');
INSERT INTO "django_migrations" VALUES(10,'auth','0008_alter_user_username_max_length','2025-04-07 20:40:13.639209');
INSERT INTO "django_migrations" VALUES(11,'auth','0009_alter_user_last_name_max_length','2025-04-07 20:40:13.660814');
INSERT INTO "django_migrations" VALUES(12,'auth','0010_alter_group_name_max_length','2025-04-07 20:40:13.683320');
INSERT INTO "django_migrations" VALUES(13,'auth','0011_update_proxy_permissions','2025-04-07 20:40:13.710642');
INSERT INTO "django_migrations" VALUES(14,'auth','0012_alter_user_first_name_max_length','2025-04-07 20:40:13.730717');
INSERT INTO "django_migrations" VALUES(15,'accounts','0001_initial','2025-04-07 20:40:13.775436');
INSERT INTO "django_migrations" VALUES(16,'accounts','0002_customuser_fullname_customuser_gender','2025-04-07 20:40:13.829927');
INSERT INTO "django_migrations" VALUES(17,'admin','0001_initial','2025-04-07 20:40:13.888747');
INSERT INTO "django_migrations" VALUES(18,'admin','0002_logentry_remove_auto_add','2025-04-07 20:40:13.931895');
INSERT INTO "django_migrations" VALUES(19,'admin','0003_logentry_add_action_flag_choices','2025-04-07 20:40:13.969381');
INSERT INTO "django_migrations" VALUES(20,'sessions','0001_initial','2025-04-07 20:40:14.006442');
INSERT INTO "django_migrations" VALUES(21,'blog','0001_initial','2025-04-10 15:56:44.590550');
INSERT INTO "django_migrations" VALUES(22,'blog','0002_post_tags_alter_tag_posts','2025-04-10 16:33:31.950199');
INSERT INTO "django_migrations" VALUES(23,'blog','0003_alter_post_image','2025-04-10 19:21:44.371748');
INSERT INTO "django_migrations" VALUES(24,'blog','0004_subscriber_alter_post_image','2025-04-17 21:28:17.328647');
INSERT INTO "django_migrations" VALUES(25,'blog','0005_post_likes_post_views','2025-04-18 13:32:07.611424');
INSERT INTO "django_migrations" VALUES(26,'blog','0006_remove_post_likes_post_likes','2025-04-18 14:17:21.673853');
INSERT INTO "django_migrations" VALUES(27,'blog','0007_alter_comment_content','2025-04-28 18:56:53.542977');
CREATE UNIQUE INDEX "django_content_type_app_label_model_76bd3d3b_uniq" ON "django_content_type" ("app_label", "model");
CREATE UNIQUE INDEX "auth_group_permissions_group_id_permission_id_0cd325b0_uniq" ON "auth_group_permissions" ("group_id", "permission_id");
CREATE INDEX IF NOT EXISTS "auth_group_permissions_group_id_b120cbf9" ON "auth_group_permissions" ("group_id");
CREATE INDEX IF NOT EXISTS "auth_group_permissions_permission_id_84c5c92e" ON "auth_group_permissions" ("permission_id");
CREATE UNIQUE INDEX "auth_permission_content_type_id_codename_01ab375a_uniq" ON "auth_permission" ("content_type_id", "codename");
CREATE INDEX IF NOT EXISTS "auth_permission_content_type_id_2f476e4b" ON "auth_permission" ("content_type_id");
CREATE UNIQUE INDEX "accounts_customuser_groups_customuser_id_group_id_c074bdcb_uniq" ON "accounts_customuser_groups" ("customuser_id", "group_id");
CREATE INDEX IF NOT EXISTS "accounts_customuser_groups_customuser_id_bc55088e" ON "accounts_customuser_groups" ("customuser_id");
CREATE INDEX IF NOT EXISTS "accounts_customuser_groups_group_id_86ba5f9e" ON "accounts_customuser_groups" ("group_id");
CREATE UNIQUE INDEX "accounts_customuser_user_permissions_customuser_id_permission_id_9632a709_uniq" ON "accounts_customuser_user_permissions" ("customuser_id", "permission_id");
CREATE INDEX IF NOT EXISTS "accounts_customuser_user_permissions_customuser_id_0deaefae" ON "accounts_customuser_user_permissions" ("customuser_id");
CREATE INDEX IF NOT EXISTS "accounts_customuser_user_permissions_permission_id_aea3d0e5" ON "accounts_customuser_user_permissions" ("permission_id");
CREATE INDEX IF NOT EXISTS "django_admin_log_content_type_id_c4bce8eb" ON "django_admin_log" ("content_type_id");
CREATE INDEX IF NOT EXISTS "django_admin_log_user_id_c564eba6" ON "django_admin_log" ("user_id");
CREATE INDEX IF NOT EXISTS "django_session_expire_date_a5c62663" ON "django_session" ("expire_date");
CREATE UNIQUE INDEX "blog_tag_posts_tag_id_post_id_3e2e54c9_uniq" ON "blog_tag_posts" ("tag_id", "post_id");
CREATE INDEX IF NOT EXISTS "blog_tag_posts_tag_id_5f489887" ON "blog_tag_posts" ("tag_id");
CREATE INDEX IF NOT EXISTS "blog_tag_posts_post_id_99049a47" ON "blog_tag_posts" ("post_id");
CREATE UNIQUE INDEX "blog_post_tags_post_id_tag_id_4925ec37_uniq" ON "blog_post_tags" ("post_id", "tag_id");
CREATE INDEX IF NOT EXISTS "blog_post_tags_post_id_a1c71c8a" ON "blog_post_tags" ("post_id");
CREATE INDEX IF NOT EXISTS "blog_post_tags_tag_id_0875c551" ON "blog_post_tags" ("tag_id");
CREATE INDEX IF NOT EXISTS "blog_post_author_id_dd7a8485" ON "blog_post" ("author_id");
CREATE UNIQUE INDEX "blog_post_likes_post_id_customuser_id_c8acd0f9_uniq" ON "blog_post_likes" ("post_id", "customuser_id");
CREATE INDEX IF NOT EXISTS "blog_post_likes_post_id_d038881a" ON "blog_post_likes" ("post_id");
CREATE INDEX IF NOT EXISTS "blog_post_likes_customuser_id_fd37be63" ON "blog_post_likes" ("customuser_id");
CREATE INDEX IF NOT EXISTS "blog_comment_post_id_580e96ef" ON "blog_comment" ("post_id");
CREATE TABLE IF NOT EXISTS "django_session" ("session_key" varchar(40) NOT NULL PRIMARY KEY, "session_data" text NOT NULL, "expire_date" datetime NOT NULL);
INSERT INTO "django_session" VALUES('xc8lm74cujym1vywzim2j3c8i9ooqzzk','.eJxVjMsOwiAQRf-FtSEMbXm4dO83kIFhpGogKe3K-O_apAvd3nPOfYmA21rC1vMSZhJnAeL0u0VMj1x3QHestyZTq-syR7kr8qBdXhvl5-Vw_w4K9vKt0XptbJoikFWD0zyAppQGExkdoLYjj8zAYLw3jKSMsTipDJTBadDi_QHcLDec:1u1tIZ:ugcl3VygxmsSQCYtCXI7s0fATucR0N-_Jk0oHxVD6C8','2025-04-21 20:42:27.801646');
INSERT INTO "django_session" VALUES('vko2r9yhfbwmw21j4w6sygxihlxh4i1y','.eJxVjEEOwiAQRe_C2hAHwgy4dO8ZyLQDUjWQlHbVeHdt0oVu_3vvbyryupS49jTHSdRFGXX63QYen6nuQB5c702PrS7zNOhd0Qft-tYkva6H-3dQuJdvDZmdJCQSFHKCFnKC7MUHazlh8MGgZwNADs_owFpDwp4ogM0spN4f1843Bw:1u38DU:e2CYSODp22HkTyxAaxlktk3zNQJFzmWmHKtv-e_Z5ak','2025-04-25 06:50:20.416804');
INSERT INTO "django_session" VALUES('hhcge8z64ns03poyxckegp073d4d6d3p','.eJxVjMsOwiAQRf-FtSEMbXm4dO83kIFhpGogKe3K-O_apAvd3nPOfYmA21rC1vMSZhJnAeL0u0VMj1x3QHestyZTq-syR7kr8qBdXhvl5-Vw_w4K9vKt0XptbJoikFWD0zyAppQGExkdoLYjj8zAYLw3jKSMsTipDJTBadDi_QHcLDec:1u4uxT:8gNLTtJ5HhI6kmQz7HTZ4VqvME6cGX-nILi-3oqhLC8','2025-04-30 05:05:11.027123');
INSERT INTO "django_session" VALUES('fyyrxgxxzg4jc7lxvavq3r1gkfq0i46z','.eJxVjMsOwiAQRf-FtSEMbXm4dO83kIFhpGogKe3K-O_apAvd3nPOfYmA21rC1vMSZhJnAeL0u0VMj1x3QHestyZTq-syR7kr8qBdXhvl5-Vw_w4K9vKt0XptbJoikFWD0zyAppQGExkdoLYjj8zAYLw3jKSMsTipDJTBadDi_QHcLDec:1u5nlO:7KNF-WcmoJx7xjDYlHCuZke8qp26z3510oeTQsZ-Gi8','2025-05-02 15:36:22.855415');
INSERT INTO "django_session" VALUES('wqgqixpflq4kuipf0aqwfwy92x9hve8y','.eJxVjEsOwjAMBe-SNYqc1M6HJXvOUNlxRAqolfpZIe4OlbqA7ZuZ9zI9b2vrt6XO_aDmbJw5_W7C5VHHHeidx9tkyzSu8yB2V-xBF3udtD4vh_t30Hhp3xqoU5LoKoeoPrOnEBQRIQFyKpEgRwZHXARQs9MkqNETJhUn0Jn3B796Nv0:1u8Glm:l1AVSt-zgSGwp083tTu2TN7xiPpxPM92Inql_H__-PA','2025-05-09 10:58:58.751383');
INSERT INTO "django_session" VALUES('2g5s2cdsfertt5ubhcnqywylqqqvyvw0','.eJxVjEsOwjAMBe-SNYqc1M6HJXvOUNlxRAqolfpZIe4OlbqA7ZuZ9zI9b2vrt6XO_aDmbJw5_W7C5VHHHeidx9tkyzSu8yB2V-xBF3udtD4vh_t30Hhp3xqoU5LoKoeoPrOnEBQRIQFyKpEgRwZHXARQs9MkqNETJhUn0Jn3B796Nv0:1u9StB:fitb5jVSuHJfhZc9dhP2fyqO8OkRhpgSENSZZ7Far_8','2025-05-12 18:07:33.833188');
CREATE UNIQUE INDEX "django_content_type_app_label_model_76bd3d3b_uniq" ON "django_content_type" ("app_label", "model");
CREATE UNIQUE INDEX "auth_group_permissions_group_id_permission_id_0cd325b0_uniq" ON "auth_group_permissions" ("group_id", "permission_id");
CREATE INDEX IF NOT EXISTS "auth_group_permissions_group_id_b120cbf9" ON "auth_group_permissions" ("group_id");
CREATE INDEX IF NOT EXISTS "auth_group_permissions_permission_id_84c5c92e" ON "auth_group_permissions" ("permission_id");
CREATE UNIQUE INDEX "auth_permission_content_type_id_codename_01ab375a_uniq" ON "auth_permission" ("content_type_id", "codename");
CREATE INDEX IF NOT EXISTS "auth_permission_content_type_id_2f476e4b" ON "auth_permission" ("content_type_id");
CREATE UNIQUE INDEX "accounts_customuser_groups_customuser_id_group_id_c074bdcb_uniq" ON "accounts_customuser_groups" ("customuser_id", "group_id");
CREATE INDEX IF NOT EXISTS "accounts_customuser_groups_customuser_id_bc55088e" ON "accounts_customuser_groups" ("customuser_id");
CREATE INDEX IF NOT EXISTS "accounts_customuser_groups_group_id_86ba5f9e" ON "accounts_customuser_groups" ("group_id");
CREATE UNIQUE INDEX "accounts_customuser_user_permissions_customuser_id_permission_id_9632a709_uniq" ON "accounts_customuser_user_permissions" ("customuser_id", "permission_id");
CREATE INDEX IF NOT EXISTS "accounts_customuser_user_permissions_customuser_id_0deaefae" ON "accounts_customuser_user_permissions" ("customuser_id");
CREATE INDEX IF NOT EXISTS "accounts_customuser_user_permissions_permission_id_aea3d0e5" ON "accounts_customuser_user_permissions" ("permission_id");
CREATE INDEX IF NOT EXISTS "django_admin_log_content_type_id_c4bce8eb" ON "django_admin_log" ("content_type_id");
CREATE INDEX IF NOT EXISTS "django_admin_log_user_id_c564eba6" ON "django_admin_log" ("user_id");
CREATE INDEX IF NOT EXISTS "django_session_expire_date_a5c62663" ON "django_session" ("expire_date");
CREATE UNIQUE INDEX "blog_tag_posts_tag_id_post_id_3e2e54c9_uniq" ON "blog_tag_posts" ("tag_id", "post_id");
CREATE INDEX IF NOT EXISTS "blog_tag_posts_tag_id_5f489887" ON "blog_tag_posts" ("tag_id");
CREATE INDEX IF NOT EXISTS "blog_tag_posts_post_id_99049a47" ON "blog_tag_posts" ("post_id");
CREATE UNIQUE INDEX "blog_post_tags_post_id_tag_id_4925ec37_uniq" ON "blog_post_tags" ("post_id", "tag_id");
CREATE INDEX IF NOT EXISTS "blog_post_tags_post_id_a1c71c8a" ON "blog_post_tags" ("post_id");
CREATE INDEX IF NOT EXISTS "blog_post_tags_tag_id_0875c551" ON "blog_post_tags" ("tag_id");
CREATE INDEX IF NOT EXISTS "blog_post_author_id_dd7a8485" ON "blog_post" ("author_id");
CREATE UNIQUE INDEX "blog_post_likes_post_id_customuser_id_c8acd0f9_uniq" ON "blog_post_likes" ("post_id", "customuser_id");
CREATE INDEX IF NOT EXISTS "blog_post_likes_post_id_d038881a" ON "blog_post_likes" ("post_id");
CREATE INDEX IF NOT EXISTS "blog_post_likes_customuser_id_fd37be63" ON "blog_post_likes" ("customuser_id");
CREATE INDEX IF NOT EXISTS "blog_comment_post_id_580e96ef" ON "blog_comment" ("post_id");
